                  epoch,         train/box_loss,         train/cls_loss,         train/dfl_loss,   metrics/precision(B),      metrics/recall(B),       metrics/mAP50(B),    metrics/mAP50-95(B),           val/box_loss,           val/cls_loss,           val/dfl_loss,                 lr/pg0,                 lr/pg1,                 lr/pg2
                      1,                 1.9269,                 6.0414,                 2.4816,                0.00476,                0.01667,                0.00296,                0.00177,                 3.1909,                 7.7328,                 3.6372,                      0,                      0,                      0
                      2,                 2.4614,                 6.7924,                 3.0368,                0.00407,                0.01667,                0.00264,                0.00132,                 3.1784,                  7.914,                 3.5701,             1.1782e-06,             1.1782e-06,             1.1782e-06
                      3,                 2.7472,                 6.7226,                 3.2176,                0.00397,                0.01667,                0.00286,                0.00138,                 3.1555,                 7.9254,                 3.5144,             2.3329e-06,             2.3329e-06,             2.3329e-06
                      4,                 2.0949,                 6.1432,                 2.2174,                0.00397,                0.01667,                0.00324,                0.00143,                 3.1269,                   7.96,                  3.464,              3.464e-06,              3.464e-06,              3.464e-06
                      5,                 2.4715,                 6.2082,                 2.9421,                0.00476,                0.01667,                  0.003,                 0.0015,                 3.1335,                 8.0586,                 3.4634,             4.5715e-06,             4.5715e-06,             4.5715e-06
